School,Semester,Grade,Subject,Class,Student Name,Score
Toy High School,Fall-2019,9th-Grade,Social Studies,Geography,Fay Reynolds,88
Toy High School,Fall-2019,9th-Grade,Visual Arts,3-D art,Fay Reynolds,73
Toy High School,Fall-2019,9th-Grade,Business,Entrepreneurial skills,Fay Reynolds,72
Toy High School,Fall-2019,9th-Grade,Sciences,AP Biology,Fay Reynolds,70
Toy High School,Fall-2019,9th-Grade,Computer Science/Information Technology,Computer programming,Fay Reynolds,93
Toy High School,Fall-2019,9th-Grade,Foreign Language,Hebrew,Burley Streich,88
Toy High School,Fall-2019,9th-Grade,Social Studies,US government,Burley Streich,74
Toy High School,Fall-2019,9th-Grade,Vocational Education,FFA (Future Farmers of America),Burley Streich,74
Toy High School,Fall-2019,9th-Grade,Business,Consumer education,Burley Streich,85
Toy High School,Fall-2019,9th-Grade,Social Studies,Women’s studies,Burley Streich,90
Toy High School,Fall-2019,9th-Grade,Social Studies,Law,Ivah Abbott,83
Toy High School,Fall-2019,9th-Grade,Sciences,AP Environmental Science,Ivah Abbott,0
Toy High School,Fall-2019,9th-Grade,Math,Multivariable calculus,Ivah Abbott,71
Toy High School,Fall-2019,9th-Grade,Math,Quantitative literacy,Ivah Abbott,89
Toy High School,Fall-2019,9th-Grade,Computer Science/Information Technology,Media technology,Ivah Abbott,96
Toy High School,Fall-2019,9th-Grade,Foreign Language,German,Pablo Considine,78
Toy High School,Fall-2019,9th-Grade,Science,Zoology,Pablo Considine,85
Toy High School,Fall-2019,9th-Grade,Visual Arts,Photography,Pablo Considine,74
Toy High School,Fall-2019,9th-Grade,World Languages and Cultures,AP German Language and Culture,Pablo Considine,80
Toy High School,Fall-2019,9th-Grade,Physical Education,Aerobics,Pablo Considine,71
Toy High School,Fall-2019,9th-Grade,Vocational Education,Criminal justice,Janae Schowalter,76
Toy High School,Fall-2019,9th-Grade,Sciences,AP Physics 1 (Algebra-Based),Janae Schowalter,83
Toy High School,Fall-2019,9th-Grade,Visual Arts,Drawing,Janae Schowalter,77
Toy High School,Fall-2019,9th-Grade,Visual Arts,Painting,Janae Schowalter,89
Toy High School,Fall-2019,9th-Grade,Arts,AP Studio art (2-D design),Janae Schowalter,88
Toy High School,Fall-2019,9th-Grade,Physical Education,Gymnastics,Hellen Bins,95
Toy High School,Fall-2019,9th-Grade,Performing Arts,Theater technology,Hellen Bins,77
Toy High School,Fall-2019,9th-Grade,Computer Science/Information Technology,Computer repair,Hellen Bins,92
Toy High School,Fall-2019,9th-Grade,Physical Education,Dance,Hellen Bins,94
Toy High School,Fall-2019,9th-Grade,Foreign Language,American Sign Language,Hellen Bins,98
Toy High School,Fall-2019,9th-Grade,History & Social Science,AP World History,Aurore Kling,84
Toy High School,Fall-2019,9th-Grade,English,World literature,Aurore Kling,86
Toy High School,Fall-2019,9th-Grade,History & Social Science,Math & Computer Science,Aurore Kling,85
Toy High School,Fall-2019,9th-Grade,History & Social Science,AP Comparative government and politics,Aurore Kling,76
Toy High School,Fall-2019,9th-Grade,Sciences,AP Biology,Aurore Kling,97
Toy High School,Fall-2019,9th-Grade,Math,Fundamentals of math,Alejandrin Gaylord,70
Toy High School,Fall-2019,9th-Grade,World Languages and Cultures,AP German Language and Culture,Alejandrin Gaylord,82
Toy High School,Fall-2019,9th-Grade,Performing Arts,Music theory,Alejandrin Gaylord,79
Toy High School,Fall-2019,9th-Grade,English,Poetry,Alejandrin Gaylord,89
Toy High School,Fall-2019,9th-Grade,Vocational Education,Hospitality and tourism,Alejandrin Gaylord,96
Toy High School,Fall-2019,9th-Grade,World Languages and Cultures,AP German Language and Culture,Giuseppe Kessler,97
Toy High School,Fall-2019,9th-Grade,Social Studies,Cultural anthropology,Giuseppe Kessler,93
Toy High School,Fall-2019,9th-Grade,Science,Biology,Giuseppe Kessler,72
Toy High School,Fall-2019,9th-Grade,Vocational Education,Building construction,Giuseppe Kessler,90
Toy High School,Fall-2019,9th-Grade,Computer Science/Information Technology,Word processing,Giuseppe Kessler,82
Toy High School,Fall-2019,9th-Grade,Science,Electronics,Isaiah Kub,94
Toy High School,Fall-2019,9th-Grade,Social Studies,World religions,Isaiah Kub,99
Toy High School,Fall-2019,9th-Grade,English,Debate,Isaiah Kub,92
Toy High School,Fall-2019,9th-Grade,Vocational Education,Production technology,Isaiah Kub,87
Toy High School,Fall-2019,9th-Grade,Math,Integrated math,Isaiah Kub,77
Toy High School,Fall-2019,9th-Grade,History & Social Science,AP Macroeconomics,Sabina Sauer,70
Toy High School,Fall-2019,9th-Grade,Social Studies,World religions,Sabina Sauer,72
Toy High School,Fall-2019,9th-Grade,Performing Arts,Guitar,Sabina Sauer,83
Toy High School,Fall-2019,9th-Grade,Computer Science/Information Technology,App development,Sabina Sauer,92
Toy High School,Fall-2019,9th-Grade,Arts,AP Art history,Sabina Sauer,99
Toy High School,Fall-2019,9th-Grade,Business,Introduction to business,Maggie Upton,80
Toy High School,Fall-2019,9th-Grade,History & Social Science,AP Computer Science A,Maggie Upton,89
Toy High School,Fall-2019,9th-Grade,Computer Science/Information Technology,Media technology,Maggie Upton,73
Toy High School,Fall-2019,9th-Grade,History & Social Science,AP Statistics,Maggie Upton,78
Toy High School,Fall-2019,9th-Grade,English,English language and composition,Maggie Upton,74
Toy High School,Fall-2019,9th-Grade,Social Studies,International relations,Green Johns,96
Toy High School,Fall-2019,9th-Grade,Social Studies,World religions,Green Johns,89
Toy High School,Fall-2019,9th-Grade,Math,Quantitative literacy,Green Johns,80
Toy High School,Fall-2019,9th-Grade,Family and Consumer Science,Interior design,Green Johns,82
Toy High School,Fall-2019,9th-Grade,Business,Marketing,Green Johns,100
Toy High School,Fall-2019,9th-Grade,Performing Arts,Guitar,Santos Jenkins,90
Toy High School,Fall-2019,9th-Grade,Performing Arts,Choir,Santos Jenkins,70
Toy High School,Fall-2019,9th-Grade,Computer Science/Information Technology,Audio production,Santos Jenkins,83
Toy High School,Fall-2019,9th-Grade,World Languages and Cultures,AP Italian Language and Culture,Santos Jenkins,91
Toy High School,Fall-2019,9th-Grade,Social Studies,Cultural anthropology,Santos Jenkins,78
Toy High School,Fall-2019,9th-Grade,Vocational Education,Plumbing,Reese Harber,89
Toy High School,Fall-2019,9th-Grade,Social Studies,Cultural anthropology,Reese Harber,74
Toy High School,Fall-2019,9th-Grade,Social Studies,Modern world studies,Reese Harber,81
Toy High School,Fall-2019,9th-Grade,World Languages and Cultures,AP German Language and Culture,Reese Harber,82
Toy High School,Fall-2019,9th-Grade,World Languages and Cultures,AP French Language and Culture,Reese Harber,71
Toy High School,Fall-2019,10th-Grade,Math,Math applications,Elisabeth Bartoletti,75
Toy High School,Fall-2019,10th-Grade,History & Social Science,AP Calculus BC,Elisabeth Bartoletti,96
Toy High School,Fall-2019,10th-Grade,Arts,AP Studio art (2-D design),Elisabeth Bartoletti,91
Toy High School,Fall-2019,10th-Grade,Social Studies,Global studies,Elisabeth Bartoletti,97
Toy High School,Fall-2019,10th-Grade,Visual Arts,Art history,Elisabeth Bartoletti,76
Toy High School,Fall-2019,10th-Grade,Sciences,AP Physics 2 (Algebra-Based),Abelardo Jacobi,97
Toy High School,Fall-2019,10th-Grade,Math,Pre-algebra,Abelardo Jacobi,95
Toy High School,Fall-2019,10th-Grade,Computer Science/Information Technology,Computer programming,Abelardo Jacobi,92
Toy High School,Fall-2019,10th-Grade,Foreign Language,Korean,Abelardo Jacobi,72
Toy High School,Fall-2019,10th-Grade,History & Social Science,AP Computer Science Principles,Abelardo Jacobi,73
Toy High School,Fall-2019,10th-Grade,Arts,AP Art history,Junius D'Amore,70
Toy High School,Fall-2019,10th-Grade,Math,Trigonometry,Junius D'Amore,94
Toy High School,Fall-2019,10th-Grade,Computer Science/Information Technology,Audio production,Junius D'Amore,94
Toy High School,Fall-2019,10th-Grade,Business,Introduction to business,Junius D'Amore,71
Toy High School,Fall-2019,10th-Grade,Math,Probability,Junius D'Amore,78
Toy High School,Fall-2019,10th-Grade,Sciences,AP Physics 1 (Algebra-Based),Hope Leuschke,94
Toy High School,Fall-2019,10th-Grade,Business,Consumer education,Hope Leuschke,84
Toy High School,Fall-2019,10th-Grade,World Languages and Cultures,AP Italian Language and Culture,Hope Leuschke,78
Toy High School,Fall-2019,10th-Grade,Business,Marketing,Hope Leuschke,79
Toy High School,Fall-2019,10th-Grade,Performing Arts,Dance,Hope Leuschke,97
Toy High School,Fall-2019,10th-Grade,Science,Earth science,Madelynn Carter,93
Toy High School,Fall-2019,10th-Grade,World Languages and Cultures,AP French Language and Culture,Madelynn Carter,97
Toy High School,Fall-2019,10th-Grade,Vocational Education,JROTC (Junior Reserve Officers' Training Corps),Madelynn Carter,79
Toy High School,Fall-2019,10th-Grade,History & Social Science,AP Comparative government and politics,Madelynn Carter,78
Toy High School,Fall-2019,10th-Grade,English,Journalism,Madelynn Carter,73
Toy High School,Fall-2019,10th-Grade,Social Studies,Religious studies,Clemens Hermann,95
Toy High School,Fall-2019,10th-Grade,English,Debate,Clemens Hermann,100
Toy High School,Fall-2019,10th-Grade,Business,Personal finance,Clemens Hermann,70
Toy High School,Fall-2019,10th-Grade,History & Social Science,AP European history,Clemens Hermann,90
Toy High School,Fall-2019,10th-Grade,Physical Education,Aerobics,Clemens Hermann,73
Toy High School,Fall-2019,10th-Grade,World Languages and Cultures,AP Italian Language and Culture,Wyatt Mosciski,74
Toy High School,Fall-2019,10th-Grade,Physical Education,Swimming,Wyatt Mosciski,70
Toy High School,Fall-2019,10th-Grade,Visual Arts,Photography,Wyatt Mosciski,75
Toy High School,Fall-2019,10th-Grade,Physical Education,Weight training,Wyatt Mosciski,82
Toy High School,Fall-2019,10th-Grade,English,Communication skills,Wyatt Mosciski,85
Toy High School,Fall-2019,10th-Grade,Foreign Language,Spanish,Lindsey D'Amore,80
Toy High School,Fall-2019,10th-Grade,Physical Education,Gymnastics,Lindsey D'Amore,99
Toy High School,Fall-2019,10th-Grade,Sciences,AP Physics C (Electricity and Magnetism),Lindsey D'Amore,96
Toy High School,Fall-2019,10th-Grade,Performing Arts,Percussion,Lindsey D'Amore,81
Toy High School,Fall-2019,10th-Grade,Physical Education,Swimming,Lindsey D'Amore,77
Toy High School,Fall-2019,10th-Grade,History & Social Science,AP United States Government and Politics,Bill Padberg,80
Toy High School,Fall-2019,10th-Grade,Visual Arts,Ceramics,Bill Padberg,80
Toy High School,Fall-2019,10th-Grade,Performing Arts,Drama,Bill Padberg,98
Toy High School,Fall-2019,10th-Grade,Foreign Language,Hebrew,Bill Padberg,82
Toy High School,Fall-2019,10th-Grade,Visual Arts,Sculpture,Bill Padberg,70
Toy High School,Fall-2019,10th-Grade,English,Debate,Moriah Ferry,97
Toy High School,Fall-2019,10th-Grade,Family and Consumer Science,Interior design,Moriah Ferry,97
Toy High School,Fall-2019,10th-Grade,English,American literature,Moriah Ferry,75
Toy High School,Fall-2019,10th-Grade,Family and Consumer Science,Home economics,Moriah Ferry,99
Toy High School,Fall-2019,10th-Grade,World Languages and Cultures,AP Chinese Language and Culture,Moriah Ferry,93
Toy High School,Fall-2019,10th-Grade,Sciences,AP Physics 2 (Algebra-Based),Geo Schultz,85
Toy High School,Fall-2019,10th-Grade,Performing Arts,Guitar,Geo Schultz,87
Toy High School,Fall-2019,10th-Grade,Foreign Language,French,Geo Schultz,100
Toy High School,Fall-2019,10th-Grade,Performing Arts,Percussion,Geo Schultz,72
Toy High School,Fall-2019,10th-Grade,Computer Science/Information Technology,Computer programming,Geo Schultz,87
Toy High School,Fall-2019,10th-Grade,Science,Earth science,Kiana Boehm,82
Toy High School,Fall-2019,10th-Grade,Business,Introduction to business,Kiana Boehm,91
Toy High School,Fall-2019,10th-Grade,English,English literature and composition,Kiana Boehm,84
Toy High School,Fall-2019,10th-Grade,Sciences,AP Environmental Science,Kiana Boehm,70
Toy High School,Fall-2019,10th-Grade,Family and Consumer Science,Home economics,Kiana Boehm,88
Toy High School,Fall-2019,10th-Grade,Family and Consumer Science,Early childhood education,Jenifer Eichmann,71
Toy High School,Fall-2019,10th-Grade,Business,Accounting,Jenifer Eichmann,80
Toy High School,Fall-2019,10th-Grade,Performing Arts,Percussion,Jenifer Eichmann,99
Toy High School,Fall-2019,10th-Grade,Computer Science/Information Technology,Web design,Jenifer Eichmann,77
Toy High School,Fall-2019,10th-Grade,Foreign Language,Ancient Greek,Jenifer Eichmann,79
Toy High School,Fall-2019,10th-Grade,Computer Science/Information Technology,Computer programming,Mario Morar,0
Toy High School,Fall-2019,10th-Grade,History & Social Science,AP Statistics,Mario Morar,85
Toy High School,Fall-2019,10th-Grade,Math,Quantitative literacy,Mario Morar,73
Toy High School,Fall-2019,10th-Grade,Social Studies,World history,Mario Morar,76
Toy High School,Fall-2019,10th-Grade,Physical Education,Yoga,Mario Morar,71
Toy High School,Fall-2019,10th-Grade,Computer Science/Information Technology,Audio production,Ralph Russel,76
Toy High School,Fall-2019,10th-Grade,Family and Consumer Science,Culinary arts,Ralph Russel,88
Toy High School,Fall-2019,10th-Grade,Physical Education,Gymnastics,Ralph Russel,70
Toy High School,Fall-2019,10th-Grade,World Languages and Cultures,AP Japanese Language and Culture,Ralph Russel,71
Toy High School,Fall-2019,10th-Grade,Math,Multivariable calculus,Ralph Russel,75
Toy High School,Fall-2019,11th-Grade,Math,Probability,Oleta Gottlieb,87
Toy High School,Fall-2019,11th-Grade,Performing Arts,Percussion,Oleta Gottlieb,96
Toy High School,Fall-2019,11th-Grade,Foreign Language,Japanese,Oleta Gottlieb,79
Toy High School,Fall-2019,11th-Grade,Arts,AP Studio art (drawing),Oleta Gottlieb,71
Toy High School,Fall-2019,11th-Grade,Social Studies,Law,Oleta Gottlieb,82
Toy High School,Fall-2019,11th-Grade,History & Social Science,AP United States History,Ramon Kunde,87
Toy High School,Fall-2019,11th-Grade,World Languages and Cultures,AP Spanish Language and Culture,Ramon Kunde,83
Toy High School,Fall-2019,11th-Grade,Vocational Education,Woodworking,Ramon Kunde,97
Toy High School,Fall-2019,11th-Grade,Sciences,AP Chemistry,Ramon Kunde,71
Toy High School,Fall-2019,11th-Grade,World Languages and Cultures,AP Italian Language and Culture,Ramon Kunde,87
Toy High School,Fall-2019,11th-Grade,Science,Zoology,Margarette Miller,90
Toy High School,Fall-2019,11th-Grade,Social Studies,Cultural anthropology,Margarette Miller,76
Toy High School,Fall-2019,11th-Grade,Business,Accounting,Margarette Miller,86
Toy High School,Fall-2019,11th-Grade,English,Rhetoric,Margarette Miller,0
Toy High School,Fall-2019,11th-Grade,English,Popular literature,Margarette Miller,76
Toy High School,Fall-2019,11th-Grade,Social Studies,Political studies,Melyssa Kerluke,72
Toy High School,Fall-2019,11th-Grade,Family and Consumer Science,Early childhood development,Melyssa Kerluke,98
Toy High School,Fall-2019,11th-Grade,History & Social Science,AP Statistics,Melyssa Kerluke,88
Toy High School,Fall-2019,11th-Grade,Sciences,AP Physics C (Electricity and Magnetism),Melyssa Kerluke,73
Toy High School,Fall-2019,11th-Grade,Foreign Language,Spanish,Melyssa Kerluke,99
Toy High School,Fall-2019,11th-Grade,Family and Consumer Science,Nutrition,Tavares Mueller,86
Toy High School,Fall-2019,11th-Grade,Vocational Education,Electronics,Tavares Mueller,95
Toy High School,Fall-2019,11th-Grade,Math,Geometry,Tavares Mueller,85
Toy High School,Fall-2019,11th-Grade,Math,Multivariable calculus,Tavares Mueller,82
Toy High School,Fall-2019,11th-Grade,Vocational Education,Hospitality and tourism,Tavares Mueller,88
Toy High School,Fall-2019,11th-Grade,Science,Physical science,Lane Bosco,89
Toy High School,Fall-2019,11th-Grade,Arts,AP Art history,Lane Bosco,95
Toy High School,Fall-2019,11th-Grade,History & Social Science,AP Statistics,Lane Bosco,74
Toy High School,Fall-2019,11th-Grade,Sciences,AP Chemistry,Lane Bosco,100
Toy High School,Fall-2019,11th-Grade,Visual Arts,Photography,Lane Bosco,87
Toy High School,Fall-2019,11th-Grade,Math,Practical math,Hassan Treutel,100
Toy High School,Fall-2019,11th-Grade,Arts,AP Studio art (3-D design),Hassan Treutel,0
Toy High School,Fall-2019,11th-Grade,Arts,AP Studio art (2-D design),Hassan Treutel,91
Toy High School,Fall-2019,11th-Grade,Math,Multivariable calculus,Hassan Treutel,85
Toy High School,Fall-2019,11th-Grade,Sciences,AP Physics 1 (Algebra-Based),Hassan Treutel,92
Toy High School,Fall-2019,11th-Grade,Family and Consumer Science,Family studies,Rollin Hoppe,93
Toy High School,Fall-2019,11th-Grade,English,World literature,Rollin Hoppe,82
Toy High School,Fall-2019,11th-Grade,English,Rhetoric,Rollin Hoppe,86
Toy High School,Fall-2019,11th-Grade,Computer Science/Information Technology,Graphic design,Rollin Hoppe,75
Toy High School,Fall-2019,11th-Grade,Vocational Education,Computer-aided drafting,Rollin Hoppe,83
Toy High School,Fall-2019,11th-Grade,World Languages and Cultures,AP German Language and Culture,Beulah Lind,78
Toy High School,Fall-2019,11th-Grade,History & Social Science,AP United States Government and Politics,Beulah Lind,73
Toy High School,Fall-2019,11th-Grade,Visual Arts,Photography,Beulah Lind,73
Toy High School,Fall-2019,11th-Grade,Science,Oceanography,Beulah Lind,88
Toy High School,Fall-2019,11th-Grade,Visual Arts,Digital media,Beulah Lind,72
Toy High School,Fall-2019,11th-Grade,Business,Business management,Nathen Franecki,86
Toy High School,Fall-2019,11th-Grade,Family and Consumer Science,Interior design,Nathen Franecki,98
Toy High School,Fall-2019,11th-Grade,Social Studies,Religious studies,Nathen Franecki,76
Toy High School,Fall-2019,11th-Grade,Foreign Language,Japanese,Nathen Franecki,72
Toy High School,Fall-2019,11th-Grade,Sciences,AP Environmental Science,Nathen Franecki,78
Toy High School,Fall-2019,11th-Grade,History & Social Science,AP United States Government and Politics,Heather Jacobi,72
Toy High School,Fall-2019,11th-Grade,History & Social Science,AP United States History,Heather Jacobi,94
Toy High School,Fall-2019,11th-Grade,Physical Education,Aerobics,Heather Jacobi,86
Toy High School,Fall-2019,11th-Grade,World Languages and Cultures,AP Spanish Literature and Culture,Heather Jacobi,93
Toy High School,Fall-2019,11th-Grade,Social Studies,US history,Heather Jacobi,89
Toy High School,Fall-2019,11th-Grade,Vocational Education,Fire science,Georgianna Kessler,97
Toy High School,Fall-2019,11th-Grade,Family and Consumer Science,Culinary arts,Georgianna Kessler,89
Toy High School,Fall-2019,11th-Grade,Performing Arts,Piano,Georgianna Kessler,89
Toy High School,Fall-2019,11th-Grade,English,Rhetoric,Georgianna Kessler,80
Toy High School,Fall-2019,11th-Grade,Math,Multivariable calculus,Georgianna Kessler,73
Toy High School,Fall-2019,11th-Grade,Computer Science/Information Technology,Graphic design,Daphne Swift,83
Toy High School,Fall-2019,11th-Grade,Arts,AP Art history,Daphne Swift,100
Toy High School,Fall-2019,11th-Grade,Vocational Education,Cosmetology,Daphne Swift,74
Toy High School,Fall-2019,11th-Grade,World Languages and Cultures,AP Spanish Literature and Culture,Daphne Swift,92
Toy High School,Fall-2019,11th-Grade,Business,Accounting,Daphne Swift,76
Toy High School,Fall-2019,11th-Grade,Family and Consumer Science,Interior design,Tyrell Kessler,94
Toy High School,Fall-2019,11th-Grade,Family and Consumer Science,Culinary arts,Tyrell Kessler,86
Toy High School,Fall-2019,11th-Grade,Math,Geometry,Tyrell Kessler,99
Toy High School,Fall-2019,11th-Grade,Foreign Language,Japanese,Tyrell Kessler,77
Toy High School,Fall-2019,11th-Grade,Computer Science/Information Technology,Computer programming,Tyrell Kessler,73
Toy High School,Fall-2019,11th-Grade,Foreign Language,Chinese,Lily Wuckert,90
Toy High School,Fall-2019,11th-Grade,Visual Arts,Film production,Lily Wuckert,73
Toy High School,Fall-2019,11th-Grade,Science,Environmental studies,Lily Wuckert,98
Toy High School,Fall-2019,11th-Grade,Performing Arts,Orchestra,Lily Wuckert,85
Toy High School,Fall-2019,11th-Grade,English,Communication skills,Lily Wuckert,98
Toy High School,Fall-2019,12th-Grade,Business,Business management,Ansley Rippin,90
Toy High School,Fall-2019,12th-Grade,Vocational Education,Heating and cooling systems,Ansley Rippin,92
Toy High School,Fall-2019,12th-Grade,Computer Science/Information Technology,Computer repair,Ansley Rippin,90
Toy High School,Fall-2019,12th-Grade,Computer Science/Information Technology,Audio production,Ansley Rippin,80
Toy High School,Fall-2019,12th-Grade,Visual Arts,Photography,Ansley Rippin,95
Toy High School,Fall-2019,12th-Grade,History & Social Science,AP Comparative government and politics,Athena Powlowski,73
Toy High School,Fall-2019,12th-Grade,Performing Arts,Marching band,Athena Powlowski,71
Toy High School,Fall-2019,12th-Grade,Family and Consumer Science,Fashion construction,Athena Powlowski,100
Toy High School,Fall-2019,12th-Grade,Arts,AP Music theory,Athena Powlowski,99
Toy High School,Fall-2019,12th-Grade,Vocational Education,Building construction,Athena Powlowski,78
Toy High School,Fall-2019,12th-Grade,Foreign Language,Russian,Eddie Powlowski,95
Toy High School,Fall-2019,12th-Grade,Performing Arts,Orchestra,Eddie Powlowski,86
Toy High School,Fall-2019,12th-Grade,Visual Arts,Art history,Eddie Powlowski,100
Toy High School,Fall-2019,12th-Grade,Computer Science/Information Technology,Media technology,Eddie Powlowski,71
Toy High School,Fall-2019,12th-Grade,Math,Integrated math,Eddie Powlowski,96
Toy High School,Fall-2019,12th-Grade,English,Works of Shakespeare,Remington Kris,88
Toy High School,Fall-2019,12th-Grade,Social Studies,US history,Remington Kris,85
Toy High School,Fall-2019,12th-Grade,Social Studies,World history,Remington Kris,90
Toy High School,Fall-2019,12th-Grade,Physical Education,Lifeguard training,Remington Kris,82
Toy High School,Fall-2019,12th-Grade,Social Studies,Geography,Remington Kris,77
Toy High School,Fall-2019,12th-Grade,Family and Consumer Science,Culinary arts,Alva Johnson,81
Toy High School,Fall-2019,12th-Grade,Math,Statistics,Alva Johnson,97
Toy High School,Fall-2019,12th-Grade,Performing Arts,Orchestra,Alva Johnson,99
Toy High School,Fall-2019,12th-Grade,Social Studies,Cultural anthropology,Alva Johnson,96
Toy High School,Fall-2019,12th-Grade,Social Studies,Current events,Alva Johnson,78
Toy High School,Fall-2019,12th-Grade,Sciences,AP Physics 2 (Algebra-Based),Laurence Shields,83
Toy High School,Fall-2019,12th-Grade,Arts,AP Music theory,Laurence Shields,97
Toy High School,Fall-2019,12th-Grade,History & Social Science,AP Macroeconomics,Laurence Shields,0
Toy High School,Fall-2019,12th-Grade,Sciences,AP Physics 1 (Algebra-Based),Laurence Shields,72
Toy High School,Fall-2019,12th-Grade,English,Poetry,Laurence Shields,86
Toy High School,Fall-2019,12th-Grade,History & Social Science,AP Computer Science A,Aisha Nolan,74
Toy High School,Fall-2019,12th-Grade,Foreign Language,Arabic,Aisha Nolan,95
Toy High School,Fall-2019,12th-Grade,Science,Forensic science,Aisha Nolan,93
Toy High School,Fall-2019,12th-Grade,Sciences,AP Physics C (Electricity and Magnetism),Aisha Nolan,74
Toy High School,Fall-2019,12th-Grade,World Languages and Cultures,AP Japanese Language and Culture,Aisha Nolan,98
Toy High School,Fall-2019,12th-Grade,Foreign Language,Korean,Jaiden Glover,76
Toy High School,Fall-2019,12th-Grade,World Languages and Cultures,AP Latin,Jaiden Glover,80
Toy High School,Fall-2019,12th-Grade,Vocational Education,Metalworking,Jaiden Glover,98
Toy High School,Fall-2019,12th-Grade,Performing Arts,World music,Jaiden Glover,84
Toy High School,Fall-2019,12th-Grade,History & Social Science,Math & Computer Science,Jaiden Glover,90
Toy High School,Fall-2019,12th-Grade,Arts,AP Art history,Angelina Morissette,92
Toy High School,Fall-2019,12th-Grade,Foreign Language,Spanish,Angelina Morissette,78
Toy High School,Fall-2019,12th-Grade,Vocational Education,Hospitality and tourism,Angelina Morissette,79
Toy High School,Fall-2019,12th-Grade,Foreign Language,Hebrew,Angelina Morissette,94
Toy High School,Fall-2019,12th-Grade,Physical Education,Dance,Angelina Morissette,70
Toy High School,Fall-2019,12th-Grade,Performing Arts,World music,Glenna Emard,81
Toy High School,Fall-2019,12th-Grade,Vocational Education,Auto mechanics,Glenna Emard,0
Toy High School,Fall-2019,12th-Grade,Social Studies,Macroeconomics,Glenna Emard,75
Toy High School,Fall-2019,12th-Grade,Science,Chemistry,Glenna Emard,96
Toy High School,Fall-2019,12th-Grade,World Languages and Cultures,AP Italian Language and Culture,Glenna Emard,98
Toy High School,Fall-2019,12th-Grade,Computer Science/Information Technology,App development,Alvera Romaguera,83
Toy High School,Fall-2019,12th-Grade,Computer Science/Information Technology,Video game development,Alvera Romaguera,92
Toy High School,Fall-2019,12th-Grade,Performing Arts,World music,Alvera Romaguera,74
Toy High School,Fall-2019,12th-Grade,Vocational Education,Metalworking,Alvera Romaguera,73
Toy High School,Fall-2019,12th-Grade,Sciences,AP Physics 1 (Algebra-Based),Alvera Romaguera,84
Toy High School,Fall-2019,12th-Grade,Business,Consumer education,Glenna Gleichner,73
Toy High School,Fall-2019,12th-Grade,Vocational Education,Cosmetology,Glenna Gleichner,75
Toy High School,Fall-2019,12th-Grade,Science,Biology,Glenna Gleichner,74
Toy High School,Fall-2019,12th-Grade,Math,Computer math,Glenna Gleichner,90
Toy High School,Fall-2019,12th-Grade,Family and Consumer Science,Early childhood development,Glenna Gleichner,99
Toy High School,Fall-2019,12th-Grade,Performing Arts,Piano,Juliana Paucek,78
Toy High School,Fall-2019,12th-Grade,Business,Entrepreneurial skills,Juliana Paucek,100
Toy High School,Fall-2019,12th-Grade,Social Studies,World politics,Juliana Paucek,81
Toy High School,Fall-2019,12th-Grade,Vocational Education,Auto mechanics,Juliana Paucek,80
Toy High School,Fall-2019,12th-Grade,Social Studies,Macroeconomics,Juliana Paucek,99
Toy High School,Fall-2019,12th-Grade,Math,Statistics,Maegan Breitenberg,86
Toy High School,Fall-2019,12th-Grade,Vocational Education,JROTC (Junior Reserve Officers' Training Corps),Maegan Breitenberg,80
Toy High School,Fall-2019,12th-Grade,Family and Consumer Science,Family studies,Maegan Breitenberg,78
Toy High School,Fall-2019,12th-Grade,Foreign Language,Italian,Maegan Breitenberg,0
Toy High School,Fall-2019,12th-Grade,Business,Personal finance,Maegan Breitenberg,94
Toy High School,Fall-2019,12th-Grade,Performing Arts,Jazz band,Karli Kub,83
Toy High School,Fall-2019,12th-Grade,Foreign Language,Korean,Karli Kub,99
Toy High School,Fall-2019,12th-Grade,Sciences,AP Biology,Karli Kub,72
Toy High School,Fall-2019,12th-Grade,Physical Education,Dance,Karli Kub,90
Toy High School,Fall-2019,12th-Grade,Math,Math applications,Karli Kub,85
Cormier High School,Fall-2019,9th-Grade,Performing Arts,Music theory,Amara Tromp,75
Cormier High School,Fall-2019,9th-Grade,Family and Consumer Science,Culinary arts,Amara Tromp,86
Cormier High School,Fall-2019,9th-Grade,Foreign Language,Hebrew,Amara Tromp,74
Cormier High School,Fall-2019,9th-Grade,Sciences,AP Environmental Science,Amara Tromp,95
Cormier High School,Fall-2019,9th-Grade,Computer Science/Information Technology,Computer programming,Amara Tromp,88
Cormier High School,Fall-2019,9th-Grade,English,World literature,Corrine Wiza,97
Cormier High School,Fall-2019,9th-Grade,Computer Science/Information Technology,Film production,Corrine Wiza,82
Cormier High School,Fall-2019,9th-Grade,Physical Education,Weight training,Corrine Wiza,91
Cormier High School,Fall-2019,9th-Grade,Computer Science/Information Technology,Animation,Corrine Wiza,71
Cormier High School,Fall-2019,9th-Grade,English,Rhetoric,Corrine Wiza,85
Cormier High School,Fall-2019,9th-Grade,Family and Consumer Science,Fashion and retail merchandising,Greta Wuckert,93
Cormier High School,Fall-2019,9th-Grade,Math,Integrated math,Greta Wuckert,89
Cormier High School,Fall-2019,9th-Grade,Social Studies,Physical anthropology,Greta Wuckert,88
Cormier High School,Fall-2019,9th-Grade,Physical Education,Health,Greta Wuckert,97
Cormier High School,Fall-2019,9th-Grade,English,Humanities,Greta Wuckert,98
Cormier High School,Fall-2019,9th-Grade,Foreign Language,Japanese,Brycen Moore,71
Cormier High School,Fall-2019,9th-Grade,World Languages and Cultures,AP Italian Language and Culture,Brycen Moore,81
Cormier High School,Fall-2019,9th-Grade,Visual Arts,Painting,Brycen Moore,81
Cormier High School,Fall-2019,9th-Grade,Arts,AP Studio art (3-D design),Brycen Moore,77
Cormier High School,Fall-2019,9th-Grade,Foreign Language,Ancient Greek,Brycen Moore,70
Cormier High School,Fall-2019,9th-Grade,Arts,AP Art history,Abby Schneider,90
Cormier High School,Fall-2019,9th-Grade,Foreign Language,German,Abby Schneider,75
Cormier High School,Fall-2019,9th-Grade,Science,Physical science,Abby Schneider,76
Cormier High School,Fall-2019,9th-Grade,Math,Algebra 2,Abby Schneider,71
Cormier High School,Fall-2019,9th-Grade,Sciences,AP Biology,Abby Schneider,98
Cormier High School,Fall-2019,9th-Grade,History & Social Science,AP Macroeconomics,Earnestine White,78
Cormier High School,Fall-2019,9th-Grade,Sciences,AP Environmental Science,Earnestine White,84
Cormier High School,Fall-2019,9th-Grade,History & Social Science,Math & Computer Science,Earnestine White,96
Cormier High School,Fall-2019,9th-Grade,Computer Science/Information Technology,App development,Earnestine White,75
Cormier High School,Fall-2019,9th-Grade,Math,Pre-algebra,Earnestine White,90
Cormier High School,Fall-2019,9th-Grade,History & Social Science,AP Macroeconomics,Wilton Bogan,75
Cormier High School,Fall-2019,9th-Grade,Business,Consumer education,Wilton Bogan,95
Cormier High School,Fall-2019,9th-Grade,Sciences,AP Biology,Wilton Bogan,97
Cormier High School,Fall-2019,9th-Grade,Family and Consumer Science,Fashion and retail merchandising,Wilton Bogan,90
Cormier High School,Fall-2019,9th-Grade,Visual Arts,3-D art,Wilton Bogan,94
Cormier High School,Fall-2019,9th-Grade,Performing Arts,Orchestra,Abelardo Ernser,88
Cormier High School,Fall-2019,9th-Grade,World Languages and Cultures,AP Spanish Language and Culture,Abelardo Ernser,87
Cormier High School,Fall-2019,9th-Grade,Arts,AP Studio art (drawing),Abelardo Ernser,74
Cormier High School,Fall-2019,9th-Grade,Foreign Language,Japanese,Abelardo Ernser,83
Cormier High School,Fall-2019,9th-Grade,Physical Education,Pilates,Abelardo Ernser,86
Cormier High School,Fall-2019,9th-Grade,World Languages and Cultures,AP Latin,Carrie Corwin,79
Cormier High School,Fall-2019,9th-Grade,Sciences,AP Physics C (Electricity and Magnetism),Carrie Corwin,83
Cormier High School,Fall-2019,9th-Grade,History & Social Science,AP Calculus BC,Carrie Corwin,84
Cormier High School,Fall-2019,9th-Grade,Math,Statistics,Carrie Corwin,83
Cormier High School,Fall-2019,9th-Grade,Performing Arts,Orchestra,Carrie Corwin,99
Cormier High School,Fall-2019,9th-Grade,Visual Arts,Jewelry design,Dino Hilpert,75
Cormier High School,Fall-2019,9th-Grade,Visual Arts,Film production,Dino Hilpert,96
Cormier High School,Fall-2019,9th-Grade,History & Social Science,AP United States History,Dino Hilpert,84
Cormier High School,Fall-2019,9th-Grade,Sciences,AP Chemistry,Dino Hilpert,85
Cormier High School,Fall-2019,9th-Grade,Performing Arts,Music theory,Dino Hilpert,86
Cormier High School,Fall-2019,9th-Grade,World Languages and Cultures,AP Latin,Dana Conroy,77
Cormier High School,Fall-2019,9th-Grade,World Languages and Cultures,AP German Language and Culture,Dana Conroy,78
Cormier High School,Fall-2019,9th-Grade,Visual Arts,Digital media,Dana Conroy,93
Cormier High School,Fall-2019,9th-Grade,Family and Consumer Science,Early childhood development,Dana Conroy,88
Cormier High School,Fall-2019,9th-Grade,Math,Statistics,Dana Conroy,99
Cormier High School,Fall-2019,9th-Grade,English,Literary analysis,Savanna Hintz,76
Cormier High School,Fall-2019,9th-Grade,History & Social Science,AP Calculus BC,Savanna Hintz,80
Cormier High School,Fall-2019,9th-Grade,Sciences,AP Physics C (Electricity and Magnetism),Savanna Hintz,79
Cormier High School,Fall-2019,9th-Grade,Foreign Language,Arabic,Savanna Hintz,86
Cormier High School,Fall-2019,9th-Grade,Performing Arts,Jazz band,Savanna Hintz,92
Cormier High School,Fall-2019,9th-Grade,Physical Education,Weight training,Moises Hills,88
Cormier High School,Fall-2019,9th-Grade,Visual Arts,Painting,Moises Hills,99
Cormier High School,Fall-2019,9th-Grade,English,British literature,Moises Hills,74
Cormier High School,Fall-2019,9th-Grade,World Languages and Cultures,AP Spanish Language and Culture,Moises Hills,74
Cormier High School,Fall-2019,9th-Grade,History & Social Science,AP Macroeconomics,Moises Hills,73
Cormier High School,Fall-2019,9th-Grade,World Languages and Cultures,AP Chinese Language and Culture,Javonte Wisozk,91
Cormier High School,Fall-2019,9th-Grade,Business,Personal finance,Javonte Wisozk,88
Cormier High School,Fall-2019,9th-Grade,History & Social Science,AP World History,Javonte Wisozk,79
Cormier High School,Fall-2019,9th-Grade,Sciences,AP Biology,Javonte Wisozk,96
Cormier High School,Fall-2019,9th-Grade,Social Studies,Women’s studies,Javonte Wisozk,82
Cormier High School,Fall-2019,9th-Grade,Social Studies,Macroeconomics,Annabell Roberts,73
Cormier High School,Fall-2019,9th-Grade,Visual Arts,Sculpture,Annabell Roberts,78
Cormier High School,Fall-2019,9th-Grade,Social Studies,Microeconomics,Annabell Roberts,93
Cormier High School,Fall-2019,9th-Grade,Family and Consumer Science,Culinary arts,Annabell Roberts,85
Cormier High School,Fall-2019,9th-Grade,English,Journalism,Annabell Roberts,93
Cormier High School,Fall-2019,10th-Grade,Visual Arts,Art history,Amira Price,81
Cormier High School,Fall-2019,10th-Grade,Vocational Education,Hospitality and tourism,Amira Price,96
Cormier High School,Fall-2019,10th-Grade,Vocational Education,Driver education,Amira Price,90
Cormier High School,Fall-2019,10th-Grade,Science,Environmental studies,Amira Price,71
Cormier High School,Fall-2019,10th-Grade,Social Studies,World politics,Amira Price,70
Cormier High School,Fall-2019,10th-Grade,Foreign Language,Italian,June Will,75
Cormier High School,Fall-2019,10th-Grade,Arts,AP Art history,June Will,72
Cormier High School,Fall-2019,10th-Grade,Sciences,AP Physics 1 (Algebra-Based),June Will,95
Cormier High School,Fall-2019,10th-Grade,Social Studies,Macroeconomics,June Will,81
Cormier High School,Fall-2019,10th-Grade,Physical Education,Swimming,June Will,74
Cormier High School,Fall-2019,10th-Grade,Family and Consumer Science,Home economics,Raymundo Quitzon,80
Cormier High School,Fall-2019,10th-Grade,Sciences,AP Physics 2 (Algebra-Based),Raymundo Quitzon,92
Cormier High School,Fall-2019,10th-Grade,Foreign Language,Russian,Raymundo Quitzon,93
Cormier High School,Fall-2019,10th-Grade,Computer Science/Information Technology,Animation,Raymundo Quitzon,94
Cormier High School,Fall-2019,10th-Grade,Sciences,AP Physics 1 (Algebra-Based),Raymundo Quitzon,97
Cormier High School,Fall-2019,10th-Grade,English,Contemporary literature,Kay Schaden,96
Cormier High School,Fall-2019,10th-Grade,History & Social Science,AP World History,Kay Schaden,93
Cormier High School,Fall-2019,10th-Grade,Arts,AP Studio art (2-D design),Kay Schaden,96
Cormier High School,Fall-2019,10th-Grade,English,American literature,Kay Schaden,77
Cormier High School,Fall-2019,10th-Grade,Social Studies,Cultural anthropology,Kay Schaden,90
Cormier High School,Fall-2019,10th-Grade,Visual Arts,Drawing,Llewellyn Champlin,95
Cormier High School,Fall-2019,10th-Grade,Sciences,AP Environmental Science,Llewellyn Champlin,84
Cormier High School,Fall-2019,10th-Grade,Family and Consumer Science,CPR training,Llewellyn Champlin,82
Cormier High School,Fall-2019,10th-Grade,Sciences,AP Physics 2 (Algebra-Based),Llewellyn Champlin,98
Cormier High School,Fall-2019,10th-Grade,Science,Oceanography,Llewellyn Champlin,75
Cormier High School,Fall-2019,10th-Grade,Arts,AP Art history,Nora Johnson,83
Cormier High School,Fall-2019,10th-Grade,Sciences,AP Physics 2 (Algebra-Based),Nora Johnson,70
Cormier High School,Fall-2019,10th-Grade,Performing Arts,Marching band,Nora Johnson,98
Cormier High School,Fall-2019,10th-Grade,Math,Algebra 1,Nora Johnson,79
Cormier High School,Fall-2019,10th-Grade,Math,Pre-calculus,Nora Johnson,73
Cormier High School,Fall-2019,10th-Grade,Performing Arts,Choir,Johathan Stroman,73
Cormier High School,Fall-2019,10th-Grade,World Languages and Cultures,AP Spanish Literature and Culture,Johathan Stroman,85
Cormier High School,Fall-2019,10th-Grade,Visual Arts,3-D art,Johathan Stroman,73
Cormier High School,Fall-2019,10th-Grade,Family and Consumer Science,Fashion and retail merchandising,Johathan Stroman,84
Cormier High School,Fall-2019,10th-Grade,Vocational Education,Networking,Johathan Stroman,87
Cormier High School,Fall-2019,10th-Grade,Computer Science/Information Technology,Web programming,Anabel Casper,85
Cormier High School,Fall-2019,10th-Grade,History & Social Science,AP Calculus AB,Anabel Casper,70
Cormier High School,Fall-2019,10th-Grade,Foreign Language,German,Anabel Casper,78
Cormier High School,Fall-2019,10th-Grade,Performing Arts,Theater technology,Anabel Casper,95
Cormier High School,Fall-2019,10th-Grade,Family and Consumer Science,Home economics,Anabel Casper,76
Cormier High School,Fall-2019,10th-Grade,Sciences,AP Environmental Science,Savanah Fritsch,85
Cormier High School,Fall-2019,10th-Grade,Arts,AP Studio art (drawing),Savanah Fritsch,93
Cormier High School,Fall-2019,10th-Grade,Foreign Language,Russian,Savanah Fritsch,73
Cormier High School,Fall-2019,10th-Grade,World Languages and Cultures,AP Italian Language and Culture,Savanah Fritsch,97
Cormier High School,Fall-2019,10th-Grade,Physical Education,Dance,Savanah Fritsch,91
Cormier High School,Fall-2019,10th-Grade,Physical Education,Aerobics,Margret Fisher,82
Cormier High School,Fall-2019,10th-Grade,Physical Education,Yoga,Margret Fisher,74
Cormier High School,Fall-2019,10th-Grade,Physical Education,Racket sports,Margret Fisher,99
Cormier High School,Fall-2019,10th-Grade,Arts,AP Studio art (2-D design),Margret Fisher,98
Cormier High School,Fall-2019,10th-Grade,Foreign Language,American Sign Language,Margret Fisher,99
Cormier High School,Fall-2019,10th-Grade,Vocational Education,FFA (Future Farmers of America),Aurore Zulauf,92
Cormier High School,Fall-2019,10th-Grade,Computer Science/Information Technology,Web programming,Aurore Zulauf,72
Cormier High School,Fall-2019,10th-Grade,Family and Consumer Science,Fashion and retail merchandising,Aurore Zulauf,90
Cormier High School,Fall-2019,10th-Grade,Physical Education,Weight training,Aurore Zulauf,79
Cormier High School,Fall-2019,10th-Grade,Performing Arts,Piano,Aurore Zulauf,74
Cormier High School,Fall-2019,10th-Grade,Sciences,AP Environmental Science,Leonard Wyman,83
Cormier High School,Fall-2019,10th-Grade,Science,Environmental science,Leonard Wyman,95
Cormier High School,Fall-2019,10th-Grade,Sciences,AP Biology,Leonard Wyman,82
Cormier High School,Fall-2019,10th-Grade,World Languages and Cultures,AP Italian Language and Culture,Leonard Wyman,92
Cormier High School,Fall-2019,10th-Grade,Visual Arts,Printmaking,Leonard Wyman,73
Cormier High School,Fall-2019,10th-Grade,Business,Personal finance,Rickie Conroy,76
Cormier High School,Fall-2019,10th-Grade,Foreign Language,Chinese,Rickie Conroy,88
Cormier High School,Fall-2019,10th-Grade,Family and Consumer Science,Family studies,Rickie Conroy,0
Cormier High School,Fall-2019,10th-Grade,Sciences,AP Physics C (Electricity and Magnetism),Rickie Conroy,75
Cormier High School,Fall-2019,10th-Grade,Science,Oceanography,Rickie Conroy,89
Cormier High School,Fall-2019,10th-Grade,History & Social Science,AP United States History,Emmitt Franecki,71
Cormier High School,Fall-2019,10th-Grade,Computer Science/Information Technology,Media technology,Emmitt Franecki,77
Cormier High School,Fall-2019,10th-Grade,Vocational Education,FFA (Future Farmers of America),Emmitt Franecki,75
Cormier High School,Fall-2019,10th-Grade,Science,Environmental science,Emmitt Franecki,99
Cormier High School,Fall-2019,10th-Grade,Family and Consumer Science,Home economics,Emmitt Franecki,96
Cormier High School,Fall-2019,10th-Grade,Science,Astronomy,Ari Nitzsche,98
Cormier High School,Fall-2019,10th-Grade,Vocational Education,Robotics,Ari Nitzsche,95
Cormier High School,Fall-2019,10th-Grade,Science,Agriculture,Ari Nitzsche,86
Cormier High School,Fall-2019,10th-Grade,Science,Chemistry,Ari Nitzsche,97
Cormier High School,Fall-2019,10th-Grade,Social Studies,World history,Ari Nitzsche,99
Cormier High School,Fall-2019,11th-Grade,Arts,AP Music theory,Kelvin Rosenbaum,76
Cormier High School,Fall-2019,11th-Grade,Vocational Education,Driver education,Kelvin Rosenbaum,91
Cormier High School,Fall-2019,11th-Grade,Sciences,AP Physics 2 (Algebra-Based),Kelvin Rosenbaum,70
Cormier High School,Fall-2019,11th-Grade,Math,Quantitative literacy,Kelvin Rosenbaum,76
Cormier High School,Fall-2019,11th-Grade,Foreign Language,Korean,Kelvin Rosenbaum,87
Cormier High School,Fall-2019,11th-Grade,Sciences,AP Physics C (Electricity and Magnetism),Raymundo O'Conner,81
Cormier High School,Fall-2019,11th-Grade,World Languages and Cultures,AP French Language and Culture,Raymundo O'Conner,100
Cormier High School,Fall-2019,11th-Grade,History & Social Science,AP Computer Science A,Raymundo O'Conner,80
Cormier High School,Fall-2019,11th-Grade,History & Social Science,AP Calculus AB,Raymundo O'Conner,74
Cormier High School,Fall-2019,11th-Grade,Business,Consumer education,Raymundo O'Conner,76
Cormier High School,Fall-2019,11th-Grade,Physical Education,Gymnastics,Deshaun Willms,82
Cormier High School,Fall-2019,11th-Grade,Visual Arts,Film production,Deshaun Willms,97
Cormier High School,Fall-2019,11th-Grade,Arts,AP Art history,Deshaun Willms,73
Cormier High School,Fall-2019,11th-Grade,Physical Education,Yoga,Deshaun Willms,92
Cormier High School,Fall-2019,11th-Grade,Physical Education,Weight training,Deshaun Willms,81
Cormier High School,Fall-2019,11th-Grade,Foreign Language,Italian,Genoveva Ebert,88
Cormier High School,Fall-2019,11th-Grade,Physical Education,Racket sports,Genoveva Ebert,89
Cormier High School,Fall-2019,11th-Grade,Arts,AP Studio art (2-D design),Genoveva Ebert,75
Cormier High School,Fall-2019,11th-Grade,Math,Algebra 1,Genoveva Ebert,96
Cormier High School,Fall-2019,11th-Grade,Visual Arts,Photography,Genoveva Ebert,84
Cormier High School,Fall-2019,11th-Grade,Physical Education,Health,Ari Russel,90
Cormier High School,Fall-2019,11th-Grade,Social Studies,Women’s studies,Ari Russel,99
Cormier High School,Fall-2019,11th-Grade,Sciences,AP Physics 2 (Algebra-Based),Ari Russel,86
Cormier High School,Fall-2019,11th-Grade,Computer Science/Information Technology,Typing,Ari Russel,0
Cormier High School,Fall-2019,11th-Grade,Sciences,AP Environmental Science,Ari Russel,86
Cormier High School,Fall-2019,11th-Grade,Foreign Language,Spanish,Myra Kilback,86
Cormier High School,Fall-2019,11th-Grade,Sciences,AP Chemistry,Myra Kilback,95
Cormier High School,Fall-2019,11th-Grade,Family and Consumer Science,Early childhood education,Myra Kilback,100
Cormier High School,Fall-2019,11th-Grade,Business,Marketing,Myra Kilback,95
Cormier High School,Fall-2019,11th-Grade,History & Social Science,AP Calculus BC,Myra Kilback,81
Cormier High School,Fall-2019,11th-Grade,History & Social Science,AP World History,Virginie Wehner,83
Cormier High School,Fall-2019,11th-Grade,World Languages and Cultures,AP French Language and Culture,Virginie Wehner,94
Cormier High School,Fall-2019,11th-Grade,Foreign Language,Korean,Virginie Wehner,89
Cormier High School,Fall-2019,11th-Grade,Social Studies,International relations,Virginie Wehner,90
Cormier High School,Fall-2019,11th-Grade,Foreign Language,German,Virginie Wehner,94
Cormier High School,Fall-2019,11th-Grade,English,Poetry,Lauretta Hoeger,93
Cormier High School,Fall-2019,11th-Grade,Science,Oceanography,Lauretta Hoeger,100
Cormier High School,Fall-2019,11th-Grade,Math,Trigonometry,Lauretta Hoeger,72
Cormier High School,Fall-2019,11th-Grade,Math,Probability,Lauretta Hoeger,88
Cormier High School,Fall-2019,11th-Grade,Performing Arts,World music,Lauretta Hoeger,98
Cormier High School,Fall-2019,11th-Grade,History & Social Science,AP Macroeconomics,Rhoda Bahringer,86
Cormier High School,Fall-2019,11th-Grade,Math,Pre-algebra,Rhoda Bahringer,75
Cormier High School,Fall-2019,11th-Grade,History & Social Science,AP Statistics,Rhoda Bahringer,83
Cormier High School,Fall-2019,11th-Grade,Family and Consumer Science,Early childhood development,Rhoda Bahringer,81
Cormier High School,Fall-2019,11th-Grade,Foreign Language,Arabic,Rhoda Bahringer,90
Cormier High School,Fall-2019,11th-Grade,World Languages and Cultures,AP Italian Language and Culture,Al Witting,98
Cormier High School,Fall-2019,11th-Grade,Foreign Language,Arabic,Al Witting,85
Cormier High School,Fall-2019,11th-Grade,English,Works of Shakespeare,Al Witting,71
Cormier High School,Fall-2019,11th-Grade,Foreign Language,Ancient Greek,Al Witting,97
Cormier High School,Fall-2019,11th-Grade,Sciences,AP Biology,Al Witting,72
Cormier High School,Fall-2019,11th-Grade,History & Social Science,AP Comparative government and politics,Trace Hettinger,74
Cormier High School,Fall-2019,11th-Grade,Performing Arts,Guitar,Trace Hettinger,91
Cormier High School,Fall-2019,11th-Grade,Family and Consumer Science,Interior design,Trace Hettinger,76
Cormier High School,Fall-2019,11th-Grade,Social Studies,Modern world studies,Trace Hettinger,83
Cormier High School,Fall-2019,11th-Grade,Sciences,AP Environmental Science,Trace Hettinger,75
Cormier High School,Fall-2019,11th-Grade,Foreign Language,Spanish,Sabina Schuppe,0
Cormier High School,Fall-2019,11th-Grade,Family and Consumer Science,Home economics,Sabina Schuppe,72
Cormier High School,Fall-2019,11th-Grade,Computer Science/Information Technology,Computer repair,Sabina Schuppe,73
Cormier High School,Fall-2019,11th-Grade,Physical Education,Pilates,Sabina Schuppe,83
Cormier High School,Fall-2019,11th-Grade,Arts,AP Studio art (drawing),Sabina Schuppe,81
Cormier High School,Fall-2019,11th-Grade,World Languages and Cultures,AP French Language and Culture,Thelma Heaney,88
Cormier High School,Fall-2019,11th-Grade,Visual Arts,Painting,Thelma Heaney,92
Cormier High School,Fall-2019,11th-Grade,Foreign Language,Portuguese,Thelma Heaney,95
Cormier High School,Fall-2019,11th-Grade,Arts,AP Art history,Thelma Heaney,77
Cormier High School,Fall-2019,11th-Grade,Physical Education,Health,Thelma Heaney,82
Cormier High School,Fall-2019,11th-Grade,Computer Science/Information Technology,Video game development,Buck Bartoletti,73
Cormier High School,Fall-2019,11th-Grade,World Languages and Cultures,AP German Language and Culture,Buck Bartoletti,81
Cormier High School,Fall-2019,11th-Grade,Social Studies,Global studies,Buck Bartoletti,0
Cormier High School,Fall-2019,11th-Grade,Family and Consumer Science,Chemistry of foods,Buck Bartoletti,92
Cormier High School,Fall-2019,11th-Grade,Arts,AP Art history,Buck Bartoletti,92
Cormier High School,Fall-2019,11th-Grade,Math,Statistics,Eden McClure,84
Cormier High School,Fall-2019,11th-Grade,Physical Education,Gymnastics,Eden McClure,76
Cormier High School,Fall-2019,11th-Grade,Physical Education,Dance,Eden McClure,95
Cormier High School,Fall-2019,11th-Grade,Science,Oceanography,Eden McClure,76
Cormier High School,Fall-2019,11th-Grade,Foreign Language,American Sign Language,Eden McClure,91
Cormier High School,Fall-2019,12th-Grade,Physical Education,Health,Kailee Christiansen,73
Cormier High School,Fall-2019,12th-Grade,English,Modern literature,Kailee Christiansen,83
Cormier High School,Fall-2019,12th-Grade,Physical Education,Racket sports,Kailee Christiansen,87
Cormier High School,Fall-2019,12th-Grade,Math,Math applications,Kailee Christiansen,74
Cormier High School,Fall-2019,12th-Grade,Performing Arts,Piano,Kailee Christiansen,92
Cormier High School,Fall-2019,12th-Grade,Computer Science/Information Technology,Media technology,Herman Reichert,86
Cormier High School,Fall-2019,12th-Grade,Arts,AP Studio art (3-D design),Herman Reichert,96
Cormier High School,Fall-2019,12th-Grade,Business,Marketing,Herman Reichert,83
Cormier High School,Fall-2019,12th-Grade,World Languages and Cultures,AP French Language and Culture,Herman Reichert,91
Cormier High School,Fall-2019,12th-Grade,Vocational Education,Woodworking,Herman Reichert,76
Cormier High School,Fall-2019,12th-Grade,Social Studies,Religious studies,Sedrick Roberts,90
Cormier High School,Fall-2019,12th-Grade,English,American literature,Sedrick Roberts,82
Cormier High School,Fall-2019,12th-Grade,Physical Education,Gymnastics,Sedrick Roberts,76
Cormier High School,Fall-2019,12th-Grade,Business,Business law,Sedrick Roberts,84
Cormier High School,Fall-2019,12th-Grade,Performing Arts,Orchestra,Sedrick Roberts,75
Cormier High School,Fall-2019,12th-Grade,History & Social Science,AP Calculus BC,Opal Swift,79
Cormier High School,Fall-2019,12th-Grade,Visual Arts,Photography,Opal Swift,70
Cormier High School,Fall-2019,12th-Grade,Performing Arts,Drama,Opal Swift,77
Cormier High School,Fall-2019,12th-Grade,Arts,AP Studio art (3-D design),Opal Swift,77
Cormier High School,Fall-2019,12th-Grade,World Languages and Cultures,AP Spanish Literature and Culture,Opal Swift,91
Cormier High School,Fall-2019,12th-Grade,Foreign Language,American Sign Language,Layne Hilll,74
Cormier High School,Fall-2019,12th-Grade,English,Technical writing,Layne Hilll,0
Cormier High School,Fall-2019,12th-Grade,Business,Business management,Layne Hilll,96
Cormier High School,Fall-2019,12th-Grade,Family and Consumer Science,Early childhood education,Layne Hilll,94
Cormier High School,Fall-2019,12th-Grade,Business,Introduction to business,Layne Hilll,79
Cormier High School,Fall-2019,12th-Grade,Computer Science/Information Technology,Web programming,Janet Conroy,77
Cormier High School,Fall-2019,12th-Grade,Math,Multivariable calculus,Janet Conroy,96
Cormier High School,Fall-2019,12th-Grade,Visual Arts,Printmaking,Janet Conroy,100
Cormier High School,Fall-2019,12th-Grade,Family and Consumer Science,Early childhood education,Janet Conroy,78
Cormier High School,Fall-2019,12th-Grade,Social Studies,US history,Janet Conroy,0
Cormier High School,Fall-2019,12th-Grade,Math,Probability,Amy Wehner,0
Cormier High School,Fall-2019,12th-Grade,Visual Arts,Drawing,Amy Wehner,95
Cormier High School,Fall-2019,12th-Grade,English,Contemporary literature,Amy Wehner,73
Cormier High School,Fall-2019,12th-Grade,Foreign Language,French,Amy Wehner,71
Cormier High School,Fall-2019,12th-Grade,Computer Science/Information Technology,Film production,Amy Wehner,76
Cormier High School,Fall-2019,12th-Grade,Math,Algebra 2,Bettie Kassulke,87
Cormier High School,Fall-2019,12th-Grade,Family and Consumer Science,Fashion construction,Bettie Kassulke,80
Cormier High School,Fall-2019,12th-Grade,Foreign Language,German,Bettie Kassulke,71
Cormier High School,Fall-2019,12th-Grade,Arts,AP Music theory,Bettie Kassulke,91
Cormier High School,Fall-2019,12th-Grade,Visual Arts,Art history,Bettie Kassulke,73
Cormier High School,Fall-2019,12th-Grade,World Languages and Cultures,AP Chinese Language and Culture,Khalid Rath,70
Cormier High School,Fall-2019,12th-Grade,World Languages and Cultures,AP Latin,Khalid Rath,89
Cormier High School,Fall-2019,12th-Grade,World Languages and Cultures,AP Spanish Language and Culture,Khalid Rath,81
Cormier High School,Fall-2019,12th-Grade,Foreign Language,Japanese,Khalid Rath,100
Cormier High School,Fall-2019,12th-Grade,Math,Practical math,Khalid Rath,94
Cormier High School,Fall-2019,12th-Grade,Vocational Education,Electronics,Geo Bayer,76
Cormier High School,Fall-2019,12th-Grade,Social Studies,World politics,Geo Bayer,71
Cormier High School,Fall-2019,12th-Grade,Arts,AP Art history,Geo Bayer,77
Cormier High School,Fall-2019,12th-Grade,Social Studies,Physical anthropology,Geo Bayer,83
Cormier High School,Fall-2019,12th-Grade,Social Studies,Macroeconomics,Geo Bayer,73
Cormier High School,Fall-2019,12th-Grade,Business,Personal finance,Kassandra Fahey,88
Cormier High School,Fall-2019,12th-Grade,Sciences,AP Physics 2 (Algebra-Based),Kassandra Fahey,96
Cormier High School,Fall-2019,12th-Grade,Math,Pre-algebra,Kassandra Fahey,88
Cormier High School,Fall-2019,12th-Grade,Performing Arts,Choir,Kassandra Fahey,88
Cormier High School,Fall-2019,12th-Grade,Computer Science/Information Technology,Media technology,Kassandra Fahey,77
Cormier High School,Fall-2019,12th-Grade,Vocational Education,Robotics,D'angelo Schmidt,81
Cormier High School,Fall-2019,12th-Grade,Math,Algebra 2,D'angelo Schmidt,85
Cormier High School,Fall-2019,12th-Grade,Math,Multivariable calculus,D'angelo Schmidt,0
Cormier High School,Fall-2019,12th-Grade,Business,Personal finance,D'angelo Schmidt,92
Cormier High School,Fall-2019,12th-Grade,Science,Chemistry,D'angelo Schmidt,88
Cormier High School,Fall-2019,12th-Grade,Visual Arts,Sculpture,Guadalupe Hansen,77
Cormier High School,Fall-2019,12th-Grade,Science,Geology,Guadalupe Hansen,92
Cormier High School,Fall-2019,12th-Grade,Math,Quantitative literacy,Guadalupe Hansen,81
Cormier High School,Fall-2019,12th-Grade,World Languages and Cultures,AP Spanish Literature and Culture,Guadalupe Hansen,99
Cormier High School,Fall-2019,12th-Grade,Physical Education,Weight training,Guadalupe Hansen,0
Cormier High School,Fall-2019,12th-Grade,Sciences,AP Biology,Danial Sipes,78
Cormier High School,Fall-2019,12th-Grade,Physical Education,Pilates,Danial Sipes,94
Cormier High School,Fall-2019,12th-Grade,Family and Consumer Science,Culinary arts,Danial Sipes,92
Cormier High School,Fall-2019,12th-Grade,Computer Science/Information Technology,Web programming,Danial Sipes,96
Cormier High School,Fall-2019,12th-Grade,Math,Algebra 1,Danial Sipes,78
Cormier High School,Fall-2019,12th-Grade,English,Modern literature,Herminia Parker,90
Cormier High School,Fall-2019,12th-Grade,Sciences,AP Environmental Science,Herminia Parker,81
Cormier High School,Fall-2019,12th-Grade,Visual Arts,Drawing,Herminia Parker,76
Cormier High School,Fall-2019,12th-Grade,Arts,AP Studio art (2-D design),Herminia Parker,93
Cormier High School,Fall-2019,12th-Grade,History & Social Science,AP Human Geography,Herminia Parker,78
Stracke High School,Fall-2019,9th-Grade,Science,Physical science,Lemuel Larkin,73
Stracke High School,Fall-2019,9th-Grade,Physical Education,Weight training,Lemuel Larkin,95
Stracke High School,Fall-2019,9th-Grade,Social Studies,World religions,Lemuel Larkin,93
Stracke High School,Fall-2019,9th-Grade,Sciences,AP Physics 1 (Algebra-Based),Lemuel Larkin,72
Stracke High School,Fall-2019,9th-Grade,Arts,AP Studio art (drawing),Lemuel Larkin,74
Stracke High School,Fall-2019,9th-Grade,Math,Practical math,Adele Koch,75
Stracke High School,Fall-2019,9th-Grade,Arts,AP Studio art (3-D design),Adele Koch,90
Stracke High School,Fall-2019,9th-Grade,Family and Consumer Science,Early childhood development,Adele Koch,97
Stracke High School,Fall-2019,9th-Grade,Arts,AP Studio art (drawing),Adele Koch,94
Stracke High School,Fall-2019,9th-Grade,Family and Consumer Science,Home economics,Adele Koch,80
Stracke High School,Fall-2019,9th-Grade,Business,Business law,Filiberto Greenholt,70
Stracke High School,Fall-2019,9th-Grade,Social Studies,Global studies,Filiberto Greenholt,70
Stracke High School,Fall-2019,9th-Grade,Science,Zoology,Filiberto Greenholt,99
Stracke High School,Fall-2019,9th-Grade,Math,Statistics,Filiberto Greenholt,95
Stracke High School,Fall-2019,9th-Grade,Math,Calculus,Filiberto Greenholt,74
Stracke High School,Fall-2019,9th-Grade,Social Studies,Physical anthropology,Kamren Gaylord,96
Stracke High School,Fall-2019,9th-Grade,Foreign Language,Italian,Kamren Gaylord,99
Stracke High School,Fall-2019,9th-Grade,History & Social Science,AP Computer Science Principles,Kamren Gaylord,98
Stracke High School,Fall-2019,9th-Grade,Visual Arts,Jewelry design,Kamren Gaylord,72
Stracke High School,Fall-2019,9th-Grade,Family and Consumer Science,CPR training,Kamren Gaylord,76
Stracke High School,Fall-2019,9th-Grade,Science,Geology,Kayley Ankunding,86
Stracke High School,Fall-2019,9th-Grade,Computer Science/Information Technology,Film production,Kayley Ankunding,0
Stracke High School,Fall-2019,9th-Grade,Foreign Language,French,Kayley Ankunding,84
Stracke High School,Fall-2019,9th-Grade,World Languages and Cultures,AP Chinese Language and Culture,Kayley Ankunding,83
Stracke High School,Fall-2019,9th-Grade,Sciences,AP Biology,Kayley Ankunding,74
Stracke High School,Fall-2019,9th-Grade,Visual Arts,Sculpture,Alaina Corwin,97
Stracke High School,Fall-2019,9th-Grade,Performing Arts,Choir,Alaina Corwin,85
Stracke High School,Fall-2019,9th-Grade,World Languages and Cultures,AP French Language and Culture,Alaina Corwin,88
Stracke High School,Fall-2019,9th-Grade,Science,Geology,Alaina Corwin,78
Stracke High School,Fall-2019,9th-Grade,Sciences,AP Physics 2 (Algebra-Based),Alaina Corwin,100
Stracke High School,Fall-2019,9th-Grade,Sciences,AP Chemistry,Avery Jakubowski,0
Stracke High School,Fall-2019,9th-Grade,Computer Science/Information Technology,Media technology,Avery Jakubowski,93
Stracke High School,Fall-2019,9th-Grade,Sciences,AP Environmental Science,Avery Jakubowski,76
Stracke High School,Fall-2019,9th-Grade,Computer Science/Information Technology,Computer programming,Avery Jakubowski,84
Stracke High School,Fall-2019,9th-Grade,Business,Accounting,Avery Jakubowski,82
Stracke High School,Fall-2019,9th-Grade,Vocational Education,FFA (Future Farmers of America),Stephen Schiller,72
Stracke High School,Fall-2019,9th-Grade,Business,Consumer education,Stephen Schiller,98
Stracke High School,Fall-2019,9th-Grade,Physical Education,Health,Stephen Schiller,90
Stracke High School,Fall-2019,9th-Grade,Visual Arts,Painting,Stephen Schiller,99
Stracke High School,Fall-2019,9th-Grade,Arts,AP Music theory,Stephen Schiller,86
Stracke High School,Fall-2019,9th-Grade,Performing Arts,Drama,Newell Balistreri,79
Stracke High School,Fall-2019,9th-Grade,Social Studies,Psychology,Newell Balistreri,89
Stracke High School,Fall-2019,9th-Grade,Performing Arts,Percussion,Newell Balistreri,92
Stracke High School,Fall-2019,9th-Grade,Science,Agriculture,Newell Balistreri,97
Stracke High School,Fall-2019,9th-Grade,World Languages and Cultures,AP Chinese Language and Culture,Newell Balistreri,72
Stracke High School,Fall-2019,9th-Grade,Sciences,AP Chemistry,Bria Moen,95
Stracke High School,Fall-2019,9th-Grade,Physical Education,Pilates,Bria Moen,83
Stracke High School,Fall-2019,9th-Grade,Vocational Education,Cosmetology,Bria Moen,73
Stracke High School,Fall-2019,9th-Grade,Computer Science/Information Technology,Computer programming,Bria Moen,96
Stracke High School,Fall-2019,9th-Grade,Science,Earth science,Bria Moen,100
Stracke High School,Fall-2019,9th-Grade,Computer Science/Information Technology,Music production,Hanna Russel,72
Stracke High School,Fall-2019,9th-Grade,Business,Consumer education,Hanna Russel,76
Stracke High School,Fall-2019,9th-Grade,Family and Consumer Science,Early childhood development,Hanna Russel,83
Stracke High School,Fall-2019,9th-Grade,Vocational Education,Metalworking,Hanna Russel,94
Stracke High School,Fall-2019,9th-Grade,Vocational Education,Refrigeration fundamentals,Hanna Russel,98
Stracke High School,Fall-2019,9th-Grade,Science,Oceanography,Kamren Skiles,80
Stracke High School,Fall-2019,9th-Grade,Arts,AP Studio art (2-D design),Kamren Skiles,76
Stracke High School,Fall-2019,9th-Grade,Sciences,AP Physics 1 (Algebra-Based),Kamren Skiles,74
Stracke High School,Fall-2019,9th-Grade,Family and Consumer Science,Nutrition,Kamren Skiles,76
Stracke High School,Fall-2019,9th-Grade,Science,Electronics,Kamren Skiles,93
Stracke High School,Fall-2019,9th-Grade,Family and Consumer Science,Interior design,Kenyon Hermiston,72
Stracke High School,Fall-2019,9th-Grade,Sciences,AP Physics 2 (Algebra-Based),Kenyon Hermiston,71
Stracke High School,Fall-2019,9th-Grade,History & Social Science,AP Human Geography,Kenyon Hermiston,81
Stracke High School,Fall-2019,9th-Grade,Foreign Language,Spanish,Kenyon Hermiston,100
Stracke High School,Fall-2019,9th-Grade,Business,Entrepreneurial skills,Kenyon Hermiston,76
Stracke High School,Fall-2019,9th-Grade,Foreign Language,Latin,Dell Moen,100
Stracke High School,Fall-2019,9th-Grade,Physical Education,Yoga,Dell Moen,77
Stracke High School,Fall-2019,9th-Grade,World Languages and Cultures,AP Spanish Literature and Culture,Dell Moen,94
Stracke High School,Fall-2019,9th-Grade,History & Social Science,AP Psychology,Dell Moen,92
Stracke High School,Fall-2019,9th-Grade,History & Social Science,AP Microeconomics,Dell Moen,79
Stracke High School,Fall-2019,9th-Grade,World Languages and Cultures,AP Spanish Language and Culture,Priscilla Schinner,96
Stracke High School,Fall-2019,9th-Grade,Math,Multivariable calculus,Priscilla Schinner,99
Stracke High School,Fall-2019,9th-Grade,Performing Arts,Guitar,Priscilla Schinner,78
Stracke High School,Fall-2019,9th-Grade,World Languages and Cultures,AP Italian Language and Culture,Priscilla Schinner,70
Stracke High School,Fall-2019,9th-Grade,Social Studies,Cultural anthropology,Priscilla Schinner,90
Stracke High School,Fall-2019,10th-Grade,Performing Arts,Theater technology,Berry Ritchie,95
Stracke High School,Fall-2019,10th-Grade,Math,Multivariable calculus,Berry Ritchie,81
Stracke High School,Fall-2019,10th-Grade,Family and Consumer Science,Interior design,Berry Ritchie,88
Stracke High School,Fall-2019,10th-Grade,History & Social Science,AP Computer Science Principles,Berry Ritchie,77
Stracke High School,Fall-2019,10th-Grade,Sciences,AP Physics 2 (Algebra-Based),Berry Ritchie,91
Stracke High School,Fall-2019,10th-Grade,English,American literature,Kristoffer Homenick,79
Stracke High School,Fall-2019,10th-Grade,Arts,AP Studio art (drawing),Kristoffer Homenick,75
Stracke High School,Fall-2019,10th-Grade,World Languages and Cultures,AP Latin,Kristoffer Homenick,77
Stracke High School,Fall-2019,10th-Grade,English,British literature,Kristoffer Homenick,93
Stracke High School,Fall-2019,10th-Grade,English,Technical writing,Kristoffer Homenick,93
Stracke High School,Fall-2019,10th-Grade,Vocational Education,Building construction,Addie Padberg,99
Stracke High School,Fall-2019,10th-Grade,Sciences,AP Environmental Science,Addie Padberg,100
Stracke High School,Fall-2019,10th-Grade,History & Social Science,AP Computer Science Principles,Addie Padberg,73
Stracke High School,Fall-2019,10th-Grade,Sciences,AP Physics C (Electricity and Magnetism),Addie Padberg,85
Stracke High School,Fall-2019,10th-Grade,History & Social Science,AP Calculus AB,Addie Padberg,79
Stracke High School,Fall-2019,10th-Grade,Vocational Education,Auto body repair,Jazlyn Bode,79
Stracke High School,Fall-2019,10th-Grade,English,Modern literature,Jazlyn Bode,92
Stracke High School,Fall-2019,10th-Grade,English,Rhetoric,Jazlyn Bode,92
Stracke High School,Fall-2019,10th-Grade,Business,Business law,Jazlyn Bode,81
Stracke High School,Fall-2019,10th-Grade,Family and Consumer Science,Home economics,Jazlyn Bode,88
Stracke High School,Fall-2019,10th-Grade,Foreign Language,Korean,Elmer Cummings,75
Stracke High School,Fall-2019,10th-Grade,Visual Arts,Drawing,Elmer Cummings,100
Stracke High School,Fall-2019,10th-Grade,Foreign Language,Portuguese,Elmer Cummings,82
Stracke High School,Fall-2019,10th-Grade,Science,Physical science,Elmer Cummings,89
Stracke High School,Fall-2019,10th-Grade,Arts,AP Music theory,Elmer Cummings,83
Stracke High School,Fall-2019,10th-Grade,Computer Science/Information Technology,Media technology,Aditya Bayer,89
Stracke High School,Fall-2019,10th-Grade,World Languages and Cultures,AP Latin,Aditya Bayer,86
Stracke High School,Fall-2019,10th-Grade,Computer Science/Information Technology,Music production,Aditya Bayer,81
Stracke High School,Fall-2019,10th-Grade,Sciences,AP Physics C (Electricity and Magnetism),Aditya Bayer,75
Stracke High School,Fall-2019,10th-Grade,Computer Science/Information Technology,Video game development,Aditya Bayer,86
Stracke High School,Fall-2019,10th-Grade,English,Modern literature,Terence Nicolas,81
Stracke High School,Fall-2019,10th-Grade,History & Social Science,AP Human Geography,Terence Nicolas,100
Stracke High School,Fall-2019,10th-Grade,Science,Forensic science,Terence Nicolas,88
Stracke High School,Fall-2019,10th-Grade,Computer Science/Information Technology,Computer repair,Terence Nicolas,89
Stracke High School,Fall-2019,10th-Grade,History & Social Science,AP Computer Science A,Terence Nicolas,90
Stracke High School,Fall-2019,10th-Grade,History & Social Science,AP Human Geography,Audra Witting,91
Stracke High School,Fall-2019,10th-Grade,Social Studies,Psychology,Audra Witting,71
Stracke High School,Fall-2019,10th-Grade,Family and Consumer Science,Early childhood education,Audra Witting,75
Stracke High School,Fall-2019,10th-Grade,Performing Arts,Choir,Audra Witting,95
Stracke High School,Fall-2019,10th-Grade,Math,Math applications,Audra Witting,89
Stracke High School,Fall-2019,10th-Grade,Family and Consumer Science,Nutrition,Keaton Ziemann,92
Stracke High School,Fall-2019,10th-Grade,Arts,AP Art history,Keaton Ziemann,78
Stracke High School,Fall-2019,10th-Grade,Physical Education,Specialized sports,Keaton Ziemann,83
Stracke High School,Fall-2019,10th-Grade,Physical Education,Racket sports,Keaton Ziemann,84
Stracke High School,Fall-2019,10th-Grade,Sciences,AP Biology,Keaton Ziemann,86
Stracke High School,Fall-2019,10th-Grade,Social Studies,International relations,Mario Weimann,75
Stracke High School,Fall-2019,10th-Grade,Foreign Language,Arabic,Mario Weimann,75
Stracke High School,Fall-2019,10th-Grade,Math,Geometry,Mario Weimann,87
Stracke High School,Fall-2019,10th-Grade,Arts,AP Studio art (2-D design),Mario Weimann,0
Stracke High School,Fall-2019,10th-Grade,Sciences,AP Physics C (Electricity and Magnetism),Mario Weimann,94
Stracke High School,Fall-2019,10th-Grade,Performing Arts,Theater technology,Marvin Lakin,91
Stracke High School,Fall-2019,10th-Grade,Visual Arts,Jewelry design,Marvin Lakin,79
Stracke High School,Fall-2019,10th-Grade,Sciences,AP Physics 2 (Algebra-Based),Marvin Lakin,71
Stracke High School,Fall-2019,10th-Grade,Physical Education,Pilates,Marvin Lakin,95
Stracke High School,Fall-2019,10th-Grade,Visual Arts,Digital media,Marvin Lakin,0
Stracke High School,Fall-2019,10th-Grade,Family and Consumer Science,Family studies,Lola Hammes,99
Stracke High School,Fall-2019,10th-Grade,Foreign Language,German,Lola Hammes,87
Stracke High School,Fall-2019,10th-Grade,Sciences,AP Biology,Lola Hammes,79
Stracke High School,Fall-2019,10th-Grade,Sciences,AP Physics C (Electricity and Magnetism),Lola Hammes,92
Stracke High School,Fall-2019,10th-Grade,Science,Botany,Lola Hammes,70
Stracke High School,Fall-2019,10th-Grade,Physical Education,Pilates,Samir Miller,81
Stracke High School,Fall-2019,10th-Grade,Vocational Education,Driver education,Samir Miller,0
Stracke High School,Fall-2019,10th-Grade,Arts,AP Art history,Samir Miller,84
Stracke High School,Fall-2019,10th-Grade,English,Humanities,Samir Miller,95
Stracke High School,Fall-2019,10th-Grade,Visual Arts,Art history,Samir Miller,70
Stracke High School,Fall-2019,10th-Grade,Math,Pre-algebra,Cortez Sawayn,84
Stracke High School,Fall-2019,10th-Grade,Science,Environmental science,Cortez Sawayn,93
Stracke High School,Fall-2019,10th-Grade,World Languages and Cultures,AP Spanish Language and Culture,Cortez Sawayn,80
Stracke High School,Fall-2019,10th-Grade,Business,Marketing,Cortez Sawayn,96
Stracke High School,Fall-2019,10th-Grade,Arts,AP Studio art (3-D design),Cortez Sawayn,79
Stracke High School,Fall-2019,10th-Grade,Physical Education,Weight training,Cecil Armstrong,83
Stracke High School,Fall-2019,10th-Grade,English,Rhetoric,Cecil Armstrong,85
Stracke High School,Fall-2019,10th-Grade,Business,Business management,Cecil Armstrong,75
Stracke High School,Fall-2019,10th-Grade,Computer Science/Information Technology,Word processing,Cecil Armstrong,84
Stracke High School,Fall-2019,10th-Grade,Math,Calculus,Cecil Armstrong,83
Stracke High School,Fall-2019,11th-Grade,Arts,AP Studio art (2-D design),Ocie Lemke,0
Stracke High School,Fall-2019,11th-Grade,Foreign Language,Italian,Ocie Lemke,85
Stracke High School,Fall-2019,11th-Grade,Physical Education,Specialized sports,Ocie Lemke,97
Stracke High School,Fall-2019,11th-Grade,English,Humanities,Ocie Lemke,0
Stracke High School,Fall-2019,11th-Grade,Computer Science/Information Technology,Video game development,Ocie Lemke,91
Stracke High School,Fall-2019,11th-Grade,Sciences,AP Chemistry,Antone Muller,73
Stracke High School,Fall-2019,11th-Grade,Arts,AP Art history,Antone Muller,80
Stracke High School,Fall-2019,11th-Grade,Business,Introduction to business,Antone Muller,82
Stracke High School,Fall-2019,11th-Grade,Arts,AP Studio art (3-D design),Antone Muller,77
Stracke High School,Fall-2019,11th-Grade,Performing Arts,Choir,Antone Muller,83
Stracke High School,Fall-2019,11th-Grade,Science,Electronics,Rubye Breitenberg,80
Stracke High School,Fall-2019,11th-Grade,Performing Arts,Orchestra,Rubye Breitenberg,93
Stracke High School,Fall-2019,11th-Grade,Social Studies,Political studies,Rubye Breitenberg,87
Stracke High School,Fall-2019,11th-Grade,Business,Accounting,Rubye Breitenberg,83
Stracke High School,Fall-2019,11th-Grade,Physical Education,Weight training,Rubye Breitenberg,71
Stracke High School,Fall-2019,11th-Grade,Family and Consumer Science,Interior design,Jevon McCullough,72
Stracke High School,Fall-2019,11th-Grade,Social Studies,Sociology,Jevon McCullough,84
Stracke High School,Fall-2019,11th-Grade,Social Studies,Global studies,Jevon McCullough,76
Stracke High School,Fall-2019,11th-Grade,World Languages and Cultures,AP Chinese Language and Culture,Jevon McCullough,98
Stracke High School,Fall-2019,11th-Grade,Math,Quantitative literacy,Jevon McCullough,100
Stracke High School,Fall-2019,11th-Grade,History & Social Science,Math & Computer Science,Bailey Satterfield,100
Stracke High School,Fall-2019,11th-Grade,English,Journalism,Bailey Satterfield,74
Stracke High School,Fall-2019,11th-Grade,Math,Multivariable calculus,Bailey Satterfield,93
Stracke High School,Fall-2019,11th-Grade,World Languages and Cultures,AP Italian Language and Culture,Bailey Satterfield,95
Stracke High School,Fall-2019,11th-Grade,Computer Science/Information Technology,Audio production,Bailey Satterfield,82
Stracke High School,Fall-2019,11th-Grade,Vocational Education,Electronics,Reagan Schuster,70
Stracke High School,Fall-2019,11th-Grade,English,Modern literature,Reagan Schuster,84
Stracke High School,Fall-2019,11th-Grade,Foreign Language,Korean,Reagan Schuster,75
Stracke High School,Fall-2019,11th-Grade,Sciences,AP Environmental Science,Reagan Schuster,92
Stracke High School,Fall-2019,11th-Grade,Visual Arts,Sculpture,Reagan Schuster,74
Stracke High School,Fall-2019,11th-Grade,English,Debate,Drake Boyer,70
Stracke High School,Fall-2019,11th-Grade,World Languages and Cultures,AP German Language and Culture,Drake Boyer,97
Stracke High School,Fall-2019,11th-Grade,Physical Education,Lifeguard training,Drake Boyer,0
Stracke High School,Fall-2019,11th-Grade,Business,Business law,Drake Boyer,78
Stracke High School,Fall-2019,11th-Grade,Math,Geometry,Drake Boyer,78
Stracke High School,Fall-2019,11th-Grade,Computer Science/Information Technology,Computer repair,Rogelio Hills,82
Stracke High School,Fall-2019,11th-Grade,Social Studies,Current events,Rogelio Hills,87
Stracke High School,Fall-2019,11th-Grade,Sciences,AP Physics 2 (Algebra-Based),Rogelio Hills,95
Stracke High School,Fall-2019,11th-Grade,Computer Science/Information Technology,Computer programming,Rogelio Hills,77
Stracke High School,Fall-2019,11th-Grade,World Languages and Cultures,AP Spanish Language and Culture,Rogelio Hills,90
Stracke High School,Fall-2019,11th-Grade,Arts,AP Studio art (3-D design),Frederick Bernier,75
Stracke High School,Fall-2019,11th-Grade,Business,Personal finance,Frederick Bernier,95
Stracke High School,Fall-2019,11th-Grade,History & Social Science,Math & Computer Science,Frederick Bernier,89
Stracke High School,Fall-2019,11th-Grade,Computer Science/Information Technology,Film production,Frederick Bernier,89
Stracke High School,Fall-2019,11th-Grade,Business,Marketing,Frederick Bernier,95
Stracke High School,Fall-2019,11th-Grade,English,English language and composition,Elroy Swaniawski,95
Stracke High School,Fall-2019,11th-Grade,Business,Marketing,Elroy Swaniawski,94
Stracke High School,Fall-2019,11th-Grade,Business,Personal finance,Elroy Swaniawski,74
Stracke High School,Fall-2019,11th-Grade,Computer Science/Information Technology,App development,Elroy Swaniawski,76
Stracke High School,Fall-2019,11th-Grade,Physical Education,Aerobics,Elroy Swaniawski,85
Stracke High School,Fall-2019,11th-Grade,Physical Education,Racket sports,Ressie Hane,74
Stracke High School,Fall-2019,11th-Grade,English,English literature and composition,Ressie Hane,85
Stracke High School,Fall-2019,11th-Grade,Math,Algebra 2,Ressie Hane,83
Stracke High School,Fall-2019,11th-Grade,Physical Education,Yoga,Ressie Hane,73
Stracke High School,Fall-2019,11th-Grade,Vocational Education,Cosmetology,Ressie Hane,91
Stracke High School,Fall-2019,11th-Grade,History & Social Science,AP Calculus AB,Elenora Stroman,81
Stracke High School,Fall-2019,11th-Grade,Computer Science/Information Technology,Graphic design,Elenora Stroman,71
Stracke High School,Fall-2019,11th-Grade,Computer Science/Information Technology,Typing,Elenora Stroman,99
Stracke High School,Fall-2019,11th-Grade,Business,Accounting,Elenora Stroman,72
Stracke High School,Fall-2019,11th-Grade,Family and Consumer Science,Fashion construction,Elenora Stroman,99
Stracke High School,Fall-2019,11th-Grade,English,World literature,Harley Macejkovic,80
Stracke High School,Fall-2019,11th-Grade,English,Communication skills,Harley Macejkovic,93
Stracke High School,Fall-2019,11th-Grade,Science,Marine biology,Harley Macejkovic,94
Stracke High School,Fall-2019,11th-Grade,Foreign Language,Japanese,Harley Macejkovic,89
Stracke High School,Fall-2019,11th-Grade,Math,Probability,Harley Macejkovic,92
Stracke High School,Fall-2019,11th-Grade,Sciences,AP Physics C (Electricity and Magnetism),Asa Gutkowski,96
Stracke High School,Fall-2019,11th-Grade,Computer Science/Information Technology,Animation,Asa Gutkowski,93
Stracke High School,Fall-2019,11th-Grade,Vocational Education,Electronics,Asa Gutkowski,71
Stracke High School,Fall-2019,11th-Grade,History & Social Science,AP Computer Science A,Asa Gutkowski,90
Stracke High School,Fall-2019,11th-Grade,English,Creative writing,Asa Gutkowski,74
Stracke High School,Fall-2019,11th-Grade,Social Studies,Religious studies,Coleman Howell,86
Stracke High School,Fall-2019,11th-Grade,Arts,AP Studio art (3-D design),Coleman Howell,99
Stracke High School,Fall-2019,11th-Grade,Social Studies,US government,Coleman Howell,96
Stracke High School,Fall-2019,11th-Grade,Sciences,AP Physics 1 (Algebra-Based),Coleman Howell,83
Stracke High School,Fall-2019,11th-Grade,Physical Education,Pilates,Coleman Howell,77
Stracke High School,Fall-2019,12th-Grade,Vocational Education,Networking,Giovani Langosh,78
Stracke High School,Fall-2019,12th-Grade,Business,Introduction to business,Giovani Langosh,75
Stracke High School,Fall-2019,12th-Grade,Math,Multivariable calculus,Giovani Langosh,85
Stracke High School,Fall-2019,12th-Grade,History & Social Science,AP Calculus BC,Giovani Langosh,85
Stracke High School,Fall-2019,12th-Grade,World Languages and Cultures,AP Japanese Language and Culture,Giovani Langosh,94
Stracke High School,Fall-2019,12th-Grade,Computer Science/Information Technology,Word processing,Ruth Weissnat,85
Stracke High School,Fall-2019,12th-Grade,Sciences,AP Physics C (Electricity and Magnetism),Ruth Weissnat,95
Stracke High School,Fall-2019,12th-Grade,Sciences,AP Biology,Ruth Weissnat,77
Stracke High School,Fall-2019,12th-Grade,Foreign Language,Russian,Ruth Weissnat,74
Stracke High School,Fall-2019,12th-Grade,Visual Arts,Painting,Ruth Weissnat,89
Stracke High School,Fall-2019,12th-Grade,History & Social Science,AP Calculus BC,Ruthie Wuckert,75
Stracke High School,Fall-2019,12th-Grade,Visual Arts,Jewelry design,Ruthie Wuckert,93
Stracke High School,Fall-2019,12th-Grade,Science,Earth science,Ruthie Wuckert,79
Stracke High School,Fall-2019,12th-Grade,History & Social Science,AP Macroeconomics,Ruthie Wuckert,92
Stracke High School,Fall-2019,12th-Grade,Social Studies,World religions,Ruthie Wuckert,82
Stracke High School,Fall-2019,12th-Grade,Sciences,AP Physics 2 (Algebra-Based),Doug Funk,84
Stracke High School,Fall-2019,12th-Grade,Math,Statistics,Doug Funk,75
Stracke High School,Fall-2019,12th-Grade,Science,Physics,Doug Funk,90
Stracke High School,Fall-2019,12th-Grade,Physical Education,Specialized sports,Doug Funk,77
Stracke High School,Fall-2019,12th-Grade,Performing Arts,Music theory,Doug Funk,81
Stracke High School,Fall-2019,12th-Grade,Social Studies,Global studies,Angel Schimmel,77
Stracke High School,Fall-2019,12th-Grade,Social Studies,Modern world studies,Angel Schimmel,84
Stracke High School,Fall-2019,12th-Grade,Science,Astronomy,Angel Schimmel,94
Stracke High School,Fall-2019,12th-Grade,Sciences,AP Physics 1 (Algebra-Based),Angel Schimmel,81
Stracke High School,Fall-2019,12th-Grade,Arts,AP Art history,Angel Schimmel,91
Stracke High School,Fall-2019,12th-Grade,Family and Consumer Science,Fashion construction,Mariah Jacobson,73
Stracke High School,Fall-2019,12th-Grade,World Languages and Cultures,AP Latin,Mariah Jacobson,88
Stracke High School,Fall-2019,12th-Grade,Science,Astronomy,Mariah Jacobson,93
Stracke High School,Fall-2019,12th-Grade,Foreign Language,American Sign Language,Mariah Jacobson,93
Stracke High School,Fall-2019,12th-Grade,Performing Arts,Dance,Mariah Jacobson,78
Stracke High School,Fall-2019,12th-Grade,Physical Education,Yoga,Olga Greenholt,93
Stracke High School,Fall-2019,12th-Grade,World Languages and Cultures,AP Spanish Literature and Culture,Olga Greenholt,76
Stracke High School,Fall-2019,12th-Grade,Vocational Education,Criminal justice,Olga Greenholt,85
Stracke High School,Fall-2019,12th-Grade,History & Social Science,AP Human Geography,Olga Greenholt,93
Stracke High School,Fall-2019,12th-Grade,Physical Education,Health,Olga Greenholt,91
Stracke High School,Fall-2019,12th-Grade,Performing Arts,Orchestra,Jimmie West,72
Stracke High School,Fall-2019,12th-Grade,Sciences,AP Physics C (Electricity and Magnetism),Jimmie West,80
Stracke High School,Fall-2019,12th-Grade,Foreign Language,Chinese,Jimmie West,92
Stracke High School,Fall-2019,12th-Grade,English,Journalism,Jimmie West,73
Stracke High School,Fall-2019,12th-Grade,Performing Arts,Guitar,Jimmie West,87
Stracke High School,Fall-2019,12th-Grade,English,World literature,Chyna Carroll,98
Stracke High School,Fall-2019,12th-Grade,Math,Pre-calculus,Chyna Carroll,77
Stracke High School,Fall-2019,12th-Grade,Science,Oceanography,Chyna Carroll,95
Stracke High School,Fall-2019,12th-Grade,Foreign Language,Japanese,Chyna Carroll,77
Stracke High School,Fall-2019,12th-Grade,World Languages and Cultures,AP Japanese Language and Culture,Chyna Carroll,73
Stracke High School,Fall-2019,12th-Grade,History & Social Science,AP World History,Kenyatta Larkin,92
Stracke High School,Fall-2019,12th-Grade,World Languages and Cultures,AP German Language and Culture,Kenyatta Larkin,0
Stracke High School,Fall-2019,12th-Grade,Sciences,AP Environmental Science,Kenyatta Larkin,94
Stracke High School,Fall-2019,12th-Grade,World Languages and Cultures,AP Spanish Literature and Culture,Kenyatta Larkin,79
Stracke High School,Fall-2019,12th-Grade,Foreign Language,Latin,Kenyatta Larkin,94
Stracke High School,Fall-2019,12th-Grade,Computer Science/Information Technology,Web programming,Owen Hudson,98
Stracke High School,Fall-2019,12th-Grade,Arts,AP Music theory,Owen Hudson,99
Stracke High School,Fall-2019,12th-Grade,Family and Consumer Science,Nutrition,Owen Hudson,93
Stracke High School,Fall-2019,12th-Grade,Business,Business law,Owen Hudson,97
Stracke High School,Fall-2019,12th-Grade,Visual Arts,Painting,Owen Hudson,82
Stracke High School,Fall-2019,12th-Grade,Performing Arts,Jazz band,Oscar Hegmann,81
Stracke High School,Fall-2019,12th-Grade,Social Studies,World politics,Oscar Hegmann,73
Stracke High School,Fall-2019,12th-Grade,English,Rhetoric,Oscar Hegmann,82
Stracke High School,Fall-2019,12th-Grade,Math,Fundamentals of math,Oscar Hegmann,94
Stracke High School,Fall-2019,12th-Grade,Science,Chemistry,Oscar Hegmann,100
Stracke High School,Fall-2019,12th-Grade,Physical Education,Weight training,Eliza Hammes,81
Stracke High School,Fall-2019,12th-Grade,World Languages and Cultures,AP Spanish Literature and Culture,Eliza Hammes,87
Stracke High School,Fall-2019,12th-Grade,Performing Arts,Jazz band,Eliza Hammes,80
Stracke High School,Fall-2019,12th-Grade,Visual Arts,Painting,Eliza Hammes,75
Stracke High School,Fall-2019,12th-Grade,Math,Probability,Eliza Hammes,77
Stracke High School,Fall-2019,12th-Grade,Family and Consumer Science,Fashion and retail merchandising,Makayla Schaefer,95
Stracke High School,Fall-2019,12th-Grade,History & Social Science,AP Statistics,Makayla Schaefer,88
Stracke High School,Fall-2019,12th-Grade,Computer Science/Information Technology,Word processing,Makayla Schaefer,86
Stracke High School,Fall-2019,12th-Grade,Business,Business law,Makayla Schaefer,83
Stracke High School,Fall-2019,12th-Grade,Sciences,AP Chemistry,Makayla Schaefer,80
Stracke High School,Fall-2019,12th-Grade,Vocational Education,Metalworking,Kaci Padberg,93
Stracke High School,Fall-2019,12th-Grade,Sciences,AP Physics C (Electricity and Magnetism),Kaci Padberg,100
Stracke High School,Fall-2019,12th-Grade,Family and Consumer Science,Culinary arts,Kaci Padberg,75
Stracke High School,Fall-2019,12th-Grade,World Languages and Cultures,AP French Language and Culture,Kaci Padberg,76
Stracke High School,Fall-2019,12th-Grade,Social Studies,World religions,Kaci Padberg,85
